Country,AI Vibrancy Score,R&D,Responsible AI,Economy,Talent,Policy and Governance,Public Opinion,Infrastructure,Index Year,IEF Overall Score,Framing Source,Word count,Innovation Framing per 1000 words,Risk Framing per 1000 words,Innovation to Risk Ratio,Log Innovation to Risk Ratio,Net Innovation Framing,Innovation Framing Share
United States,77.85,9.56,14.29,14.29,7.72,9.71,8.44,13.85,2026,72.8,Keyword framing,9440,14.43,7.98,1.7982673267326732,0.5868236050491875,6.45,0.644
China,35.1,9.61,5.72,1.26,4.56,0.53,7.51,5.9,2026,48.3,Keyword framing,6906,24.44,5.01,4.802348336594913,1.5691050350671525,19.43,0.83
United Kingdom,20.06,1.17,1.43,1.07,4.77,6.28,2.86,2.48,2026,70.4,Keyword framing,9118,17.75,5.0,3.5000000000000004,1.252762968495368,12.74,0.78
France,16.62,0.7,0.53,0.56,3.35,3.53,2.52,5.42,2026,64.6,Keyword framing,45114,12.44,2.98,4.071428571428571,1.4039939382192914,9.45,0.807
Germany,12.35,0.98,1.71,0.58,4.7,1.09,0.61,2.69,2026,71.7,Keyword framing,14518,16.66,6.78,2.4360465116279073,0.8903764431086848,9.88,0.711
Italy,13.18,0.41,0.49,0.15,3.47,3.4,3.58,1.67,2026,63.3,Keyword framing,18220,13.43,5.89,2.258764607679466,0.8148180300553388,7.54,0.695
Japan,17.7,0.69,0.77,0.34,4.56,0.73,5.59,5.02,2026,70.3,Keyword framing,5943,9.39,8.23,1.1392557022809124,0.13037515644308525,1.16,0.533
Canada,15.46,0.82,1.17,0.53,6.4,1.18,2.31,3.04,2026,75.6,Keyword framing,8053,6.31,10.62,0.5979477611940298,-0.5142518847100773,-4.31,0.373
